"notes","created_at","updated_at","is_active","id_user_created","id_user_updated","id","name","variety","image","colors","default_profit_margin"
"","2025-01-14 16:33:45.868151","2025-01-24 23:26:39.018136",1,0,2,1,ROSA,AKITO,products/AKITO.png,WHITE AND CREAM,0
"","2025-01-14 16:33:45.900644","2025-01-24 23:28:57.553431",1,0,2,2,ROSA,VENDELA,products/VENDELA.png,WHITE AND CREAM,0
"","2025-01-14 16:33:45.933149","2025-01-24 23:27:55.807640",1,0,2,3,ROSA,TIBET,products/TIBET.png,WHITE AND CREAM,0
"","2025-01-14 16:33:45.966513","2025-01-24 23:31:08.125059",1,0,2,4,ROSA,PLAYA BLANCA,products/PLAYA_BLANCA.png,WHITE AND CREAM,0
"","2025-01-14 16:33:45.999507","2025-01-24 23:31:45.259234",1,0,2,5,ROSA,ESKIMO,products/ESKIMO.png,WHITE AND CREAM,0
"","2025-01-14 16:33:46.033347","2025-01-24 23:27:23.195980",1,0,2,6,ROSA,MONDIAL,products/MONDIAL.png,WHITE AND CREAM,0
"","2025-01-14 16:33:46.065985","2025-01-24 23:58:08.535480",1,0,2,7,ROSA,COUNTRY BLUES,products/COUNTRY_BLUE.png,LAVANDER,0
"","2025-01-14 16:33:46.099347","2025-01-25 00:00:18.326025",1,0,2,8,ROSA,DEEP PURPLE,products/DEEP_PURPLE.png,LAVANDER,0
"","2025-01-14 16:33:46.133532","2025-01-24 23:59:29.257878",1,0,2,9,ROSA,MODDY BLUES,products/MODDY_BLUES.png,LAVANDER,0
"","2025-01-14 16:33:46.167714","2025-01-25 00:00:58.696215",1,0,2,10,ROSA,OCEAN SONG,products/ROSA-OCEAN_SONG.jpg,LAVANDER,0
"","2025-01-14 16:33:46.202496","2025-01-25 00:02:00.721120",1,0,2,11,ROSA,BRIGHTON,products/BRIGHTON.png,YELLOWS,0
"","2025-01-14 16:33:46.237609","2025-01-25 00:03:30.706921",1,0,2,12,ROSA,HIGH EXOTIC,products/HIGH_EXOTIC.png,YELLOWS,0
"","2025-01-14 16:33:46.269559","2025-01-14 16:33:46.269608",1,0,0,13,ROSA,STARDUST,products/ROSA-STARDUST.jpg,AMARILLO,0.06
"","2025-01-14 16:33:46.301878","2025-01-25 00:02:48.724542",1,0,2,14,ROSA,TARA,products/TARA.png,YELLOWS,0
"","2025-01-14 16:33:46.339169","2025-01-25 00:10:51.817945",1,0,2,15,ROSA,HIGH MAGIC,products/HIGH_MAGIC.png,BICOLOR,0
"","2025-01-14 16:33:46.373588","2025-01-25 00:10:09.314486",1,0,2,16,ROSA,FREE SPIRIT,products/FREE_SPIRIT.png,BICOLOR,0
"","2025-01-14 16:33:46.408789","2025-01-25 00:04:18.522662",1,0,2,17,ROSA,ORANGE CRUSH,products/ORANGE_CRUSH.png,ORANGE,0
"","2025-01-14 16:33:46.448509","2025-01-25 00:05:10.974880",1,0,2,18,ROSA,NINA,products/NINA.png,ORANGE,0
"","2025-01-14 16:33:46.483355","2025-01-24 23:34:09.518937",1,0,2,19,ROSA,NENA,products/ROSA-NENA.jpg,PINK,0
"","2025-01-14 16:33:46.521792","2025-01-14 16:33:46.521824",1,0,0,20,ROSA,HARD&ROCK,products/ROSA-HARDROCK.jpg,"ROJO,MORADO",0.06
"","2025-01-14 16:33:46.556069","2025-01-14 16:33:46.556106",1,0,0,21,ROSA,FULL MONTY,products/ROSA-FULL_MONTY.jpg,"",0.06
"","2025-01-14 16:33:46.589866","2025-01-14 16:33:46.589901",1,0,0,22,ROSA,ASSORTED,products/ROSA-ASSORTED.jpg,"",0.06
"","2025-01-14 16:33:46.624230","2025-01-24 23:57:24.867832",1,0,2,23,ROSA,GOTCHA,products/GOTCHA.png,HOT PINK,0
"","2025-01-14 16:33:46.659237","2025-01-24 23:56:45.898122",1,0,2,24,ROSA,PINK FLOYD,products/ROSA-PINK_FLOYD.jpg,HOT PINK,0
"","2025-01-14 16:33:46.694118","2025-01-24 23:55:15.100935",1,0,2,25,ROSA,SWEET UNIQUE,products/ROSA-SWEET_UNIQUE.jpg,PINK,0
"","2025-01-14 16:33:46.725945","2025-01-24 23:36:37.990191",1,0,2,26,ROSA,SWEET AKITO,products/SWEET_AKITO.png,PINK,0
"","2025-01-14 16:33:46.757580","2025-01-24 23:37:15.987574",1,0,2,27,ROSA,SWEET ESKIMO,products/SWEET__ESKIMO_.png,PINK,0
"","2025-01-14 16:33:46.788587","2025-01-14 16:33:46.788620",1,0,0,28,ROSA,PINK MONDIAL,products/ROSA-PINK_MONDIAL.jpg,"",0.06
"","2025-01-14 16:33:46.825017","2025-01-24 23:35:27.647298",1,0,2,29,ROSA,PRICELESS,products/PRICELESS.png,PINK,0
"","2025-01-14 16:33:46.856302","2025-01-24 23:34:40.544004",1,0,2,30,ROSA,HERMOSA,products/ROSA-HERMOSA.jpg,PINK,0
"","2025-01-14 16:33:46.892602","2025-01-25 00:06:18.876956",1,0,2,31,ROSA,SHIMMER,products/ROSA-SHIMMER.jpg,PEACH,0
"","2025-01-14 16:33:46.925526","2025-01-24 23:26:04.216856",1,0,2,32,ROSA,FREEDOM,products/FREEDOM.png,RED,0.02
"","2025-01-14 16:33:46.956683","2025-01-24 23:24:42.290380",1,0,2,33,ROSA,EXPLORER,products/ROSA-EXPLORER.jpg,RED,0
"","2025-01-14 16:33:46.988661","2025-01-25 00:05:33.668147",1,0,2,34,ROSA,KAHALA,products/ROSA-KAHALA.jpg,PEACH,0
"","2025-01-14 16:33:47.023386","2025-01-25 00:09:05.049891",1,0,2,35,ROSA,SAHARA,products/ROSA-SAHARA.jpg,SAND,0
"","2025-01-14 16:33:47.056060","2025-01-25 00:09:34.865117",1,0,2,36,ROSA,QUICKSAND,products/ROSA-QUICKSAND.jpg,SAND,0
"","2025-01-14 16:33:47.088411","2025-01-24 23:36:03.771759",1,0,2,37,ROSA,SECRET GARDEN,products/SECRET_GARDEN.png,PINK,0
"","2025-01-14 16:33:47.119375","2025-01-14 16:33:47.119400",1,0,0,38,ROSA,SECRET,products/ROSA-SECRET.jpg,"",0.06
"","2025-01-14 16:33:47.151155","2025-01-25 00:07:16.503876",1,0,2,39,ROSA,TYFANNY,products/TYFANNY.png,PEACH,0
"","2025-01-14 16:33:47.185006","2025-01-25 00:11:31.668881",1,0,2,40,ROSA,TOFEE,products/TOFEE.png,BROWN,0
"","2025-01-14 16:33:47.217634","2025-01-24 23:29:57.596942",1,0,2,41,ROSA,CANDLELIGHT,products/ROSA-CANDLELIGHT.jpg,WHITE AND CREAM,0
"","2025-01-14 16:33:47.249729","2025-01-14 16:33:47.249763",1,0,0,42,MIX,MIX,"",MIX,0.06
"","2025-01-14 17:21:02.478631","2025-01-24 23:56:04.468580",1,2,2,44,ROSA,LOLA,products/LOLA.png,HOT PINK,0
"","2025-01-14 17:21:02.596713","2025-01-25 00:08:27.714050",1,2,2,45,ROSA,MANDARIN XPRESSION,products/MANDARIN_XPRESSION.png,PEACH,0
"","2025-01-14 17:21:03.678042","2025-01-25 00:12:53.095451",1,2,2,47,SPARY ROSES,SNOW,products/SPRAY_SNOWFLAKE.png,SPRAY ROSES,0
"","2025-01-14 17:21:03.826756","2025-01-25 00:18:16.846585",1,2,2,48,SPARY ROSES,PINK MAJOLIKA,products/PINK_MAJOLIKA.png,SPRAY ROSES,0
"","2025-01-14 17:22:50.719934","2025-01-14 17:22:50.719961",1,2,2,49,ROSA VERIFICAR,MANDALA,"",NO DEFINIDO,0.06
"","2025-01-14 17:23:58.469096","2025-01-24 23:54:34.411068",1,2,2,50,ROSA VERIFICAR,PINK XPRESSION,products/PINK_XPRESSION.png,pink,0
"","2025-01-14 17:23:59.216572","2025-01-14 17:23:59.216603",1,2,2,51,ROSA VERIFICAR,SWEET ESCIMO,"",NO DEFINIDO,0.06
"","2025-01-15 20:58:01.783749","2025-01-15 20:58:01.783779",1,2,2,53,ROSA VERIFICAR,BE SWEET,"",NO DEFINIDO,0.06
"","2025-01-15 20:58:02.043718","2025-01-15 20:58:02.043746",1,2,2,54,ROSA VERIFICAR,BLUSH,"",NO DEFINIDO,0.06
"","2025-01-15 20:58:02.583320","2025-01-15 20:58:02.583339",1,2,2,55,ROSA VERIFICAR,CHECKMATE,"",NO DEFINIDO,0.06
"","2025-01-15 20:58:02.943438","2025-01-15 20:58:02.943458",1,2,2,56,ROSA VERIFICAR,CHERRY BRANDY,"",NO DEFINIDO,0.06
"","2025-01-15 20:58:03.100996","2025-01-15 20:58:03.101106",1,2,2,57,ROSA VERIFICAR,COOL WATER,"",NO DEFINIDO,0.06
"","2025-01-15 20:58:03.352191","2025-01-15 20:58:03.352220",1,2,2,58,ROSA VERIFICAR,COUNTRY HOME,"",NO DEFINIDO,0.06
"","2025-01-15 20:58:03.720419","2025-01-15 20:58:03.720492",1,2,2,59,ROSA VERIFICAR,ENGAGEMENT,"",NO DEFINIDO,0.06
"","2025-01-15 20:58:04.068023","2025-01-15 20:58:04.068069",1,2,2,60,ROSA VERIFICAR,ESPERANCE,"",NO DEFINIDO,0.06
"","2025-01-15 20:58:04.779962","2025-01-15 20:58:04.779993",1,2,2,61,ROSA VERIFICAR,HIGH ORANGE MAGIC,"",NO DEFINIDO,0.06
"","2025-01-15 20:58:05.031944","2025-01-15 20:58:05.031975",1,2,2,62,ROSA VERIFICAR,HIGH YELLOW MAGIC,"",NO DEFINIDO,0.06
"","2025-01-15 20:58:05.471123","2025-01-15 20:58:05.471158",1,2,2,63,ROSA VERIFICAR,HOT SPOT,"",NO DEFINIDO,0.06
"","2025-01-15 20:58:05.700570","2025-01-15 20:58:05.700602",1,2,2,64,ROSA VERIFICAR,IGUANA,"",NO DEFINIDO,0.06
"","2025-01-15 20:58:05.912672","2025-01-15 20:58:05.912705",1,2,2,65,ROSA VERIFICAR,JESSICA,"",NO DEFINIDO,0.06
"","2025-01-15 20:58:06.192198","2025-01-15 20:58:06.192228",1,2,2,66,ROSA VERIFICAR,LEMONADE,"",NO DEFINIDO,0.06
"","2025-01-15 20:58:06.681923","2025-01-15 20:58:06.681954",1,2,2,67,ROSA VERIFICAR,MAGIC TIMES,"",NO DEFINIDO,0.06
"","2025-01-15 20:58:08.509359","2025-01-15 20:58:08.509386",1,2,2,68,ROSA VERIFICAR,PURPLE CEZANNE,"",NO DEFINIDO,0.06
"","2025-01-15 20:58:09.046252","2025-01-15 20:58:09.046288",1,2,2,69,ROSA VERIFICAR,SUPER SUN,"",NO DEFINIDO,0.06
"","2025-01-15 20:58:09.508804","2025-01-15 20:58:09.508840",1,2,2,70,ROSA VERIFICAR,SWAN,"",NO DEFINIDO,0.06
"","2025-01-15 20:58:09.690191","2025-01-15 20:58:09.690220",1,2,2,71,ROSA VERIFICAR,SWEETNESS,"",NO DEFINIDO,0.06
"","2025-01-15 20:58:10.109317","2025-01-15 20:58:10.109335",1,2,2,72,ROSA VERIFICAR,TIFFANY,"",NO DEFINIDO,0.06
"","2025-01-15 20:58:10.357032","2025-01-15 20:58:10.357063",1,2,2,73,ROSA VERIFICAR,TITANIC,"",NO DEFINIDO,0.06
"","2025-01-15 20:58:10.537016","2025-01-15 20:58:10.537036",1,2,2,74,ROSA VERIFICAR,TOPAZ,"",NO DEFINIDO,0.06
"","2025-01-15 20:58:37.750556","2025-01-15 20:58:37.750582",1,2,2,75,ROSA VERIFICAR,BLUEBERRY,"",NO DEFINIDO,0.06
"","2025-01-15 20:58:37.932132","2025-01-15 20:58:37.932161",1,2,2,76,ROSA VERIFICAR,COTTON XPRESSION,"",NO DEFINIDO,0.06
"","2025-01-15 20:58:38.260386","2025-01-15 20:58:38.260411",1,2,2,77,ROSA VERIFICAR,FRUTTETO,"",NO DEFINIDO,0.06
"","2025-01-15 20:58:38.363367","2025-01-15 20:58:38.363394",1,2,2,78,ROSA VERIFICAR,HARD ROCK,"",NO DEFINIDO,0.06
"","2025-01-15 20:58:38.463199","2025-01-15 20:58:38.463215",1,2,2,79,ROSA VERIFICAR,HILUX,"",NO DEFINIDO,0.06
"","2025-01-15 20:58:38.565138","2025-01-15 20:58:38.565155",1,2,2,80,ROSA VERIFICAR,IGUAZU,"",NO DEFINIDO,0.06
"","2025-01-15 20:58:38.803456","2025-01-15 20:58:38.803473",1,2,2,81,ROSA VERIFICAR,MOMENTUM,"",NO DEFINIDO,0.06
"","2025-01-15 20:58:38.903329","2025-01-15 20:58:38.903346",1,2,2,82,ROSA VERIFICAR,PALOMA,"",NO DEFINIDO,0.06
"","2025-01-15 20:58:39.076518","2025-01-15 20:58:39.076555",1,2,2,83,ROSA VERIFICAR,PLAYA BLABCA,"",NO DEFINIDO,0.06
"","2025-01-15 20:58:39.181407","2025-01-15 20:58:39.181424",1,2,2,84,ROSA VERIFICAR,PROUD,"",NO DEFINIDO,0.06
"","2025-01-15 20:58:39.288215","2025-01-15 20:58:39.288239",1,2,2,85,ROSA VERIFICAR,SILANTOI,"",NO DEFINIDO,0.06
"","2025-01-15 20:58:39.399559","2025-01-15 20:58:39.399578",1,2,2,86,ROSA VERIFICAR,SUOER SUN,"",NO DEFINIDO,0.06
"","2025-01-15 21:05:20.393601","2025-01-15 21:05:20.393630",1,2,2,87,ROSA VERIFICAR,WHITE CHOCOLATE,"",NO DEFINIDO,0.06
"","2025-01-15 21:05:20.575328","2025-01-15 21:05:20.575358",1,2,2,88,ROSA VERIFICAR,ROYAL EXPLORER,"",NO DEFINIDO,0.06
"","2025-01-15 21:05:20.727500","2025-01-15 21:05:20.727519",1,2,2,89,ROSA VERIFICAR,HOT EXPLORER,"",NO DEFINIDO,0.06
"","2025-01-15 21:05:20.950504","2025-01-15 21:05:20.950544",1,2,2,90,ROSA VERIFICAR,CANDELIGHT,"",NO DEFINIDO,0.06
"","2025-01-15 21:05:21.195432","2025-01-15 21:05:21.195449",1,2,2,91,ROSA VERIFICAR,BEE SWEET,"",NO DEFINIDO,0.06
"","2025-01-24 20:02:26.153009","2025-01-24 20:02:26.153057",1,2,2,92,ROSA VERIFICAR,ALOHA,"",NO DEFINIDO,0.06
"","2025-01-24 20:02:26.507984","2025-01-24 20:02:26.508012",1,2,2,93,ROSA VERIFICAR,CAFE DEL MAR,"",NO DEFINIDO,0.06
"","2025-01-24 20:02:26.757546","2025-01-24 20:02:26.757572",1,2,2,94,ROSA VERIFICAR,CANDY XPRESION,"",NO DEFINIDO,0.06
"","2025-01-24 20:02:27.146246","2025-01-24 20:02:27.146273",1,2,2,95,ROSA VERIFICAR,CONFIDENTIAL,"",NO DEFINIDO,0.06
"","2025-01-24 20:02:27.467165","2025-01-24 20:02:27.467204",1,2,2,96,ROSA VERIFICAR,DARK CROWN,"",NO DEFINIDO,0.06
"","2025-01-24 20:02:27.613674","2025-01-24 20:02:27.613713",1,2,2,97,ROSA VERIFICAR,ECO-RAINBOW MD,"",NO DEFINIDO,0.06
"","2025-01-24 20:02:28.344302","2025-01-24 20:02:28.344342",1,2,2,99,ROSA VERIFICAR,ORANGE PARTY,"",NO DEFINIDO,0.06
"","2025-01-24 20:02:28.896174","2025-01-24 20:02:28.896199",1,2,2,100,ROSA VERIFICAR,REDVOLUTION,"",NO DEFINIDO,0.06
"","2025-01-24 20:02:29.019045","2025-01-24 20:02:29.019091",1,2,2,101,ROSA VERIFICAR,SWEET CITY,"",NO DEFINIDO,0.06
"","2025-01-24 20:02:29.189830","2025-01-24 20:02:29.189870",1,2,2,102,ROSA VERIFICAR,SWEET SPOT,"",NO DEFINIDO,0.06
"","2025-01-24 20:02:29.431731","2025-01-24 20:02:29.431769",1,2,2,103,ROSA VERIFICAR,TIP TOP,"",NO DEFINIDO,0.06
"","2025-01-24 20:18:50.795859","2025-01-24 20:18:50.795884",1,2,2,104,ROSA VERIFICAR,AUBADE,"",NO DEFINIDO,0.06
"","2025-01-24 20:18:51.588107","2025-01-24 20:18:51.588145",1,2,2,106,ROSA VERIFICAR,CARROUSEL,"",NO DEFINIDO,0.06
"","2025-01-24 20:18:53.279806","2025-01-24 20:18:53.279840",1,2,2,107,ROSA VERIFICAR,FRUTETO,"",NO DEFINIDO,0.06
"","2025-01-24 20:18:54.725514","2025-01-24 20:18:54.725540",1,2,2,108,ROSA VERIFICAR,MALIBU,"",NO DEFINIDO,0.06
"","2025-01-24 20:18:55.552124","2025-01-24 20:18:55.552150",1,2,2,110,ROSA VERIFICAR,MOTHER,"",NO DEFINIDO,0.06
"","2025-01-24 20:18:56.030581","2025-01-24 20:18:56.030607",1,2,2,111,ROSA VERIFICAR,NOVIA,"",NO DEFINIDO,0.06
"","2025-01-24 20:18:57.089157","2025-01-24 20:18:57.089189",1,2,2,112,ROSA VERIFICAR,POMAROSA,"",NO DEFINIDO,0.06
"","2025-01-24 20:18:57.677324","2025-01-24 20:18:57.677359",1,2,2,113,ROSA VERIFICAR,ROSITA VENDELA,"",NO DEFINIDO,0.06
"","2025-01-24 20:18:57.795352","2025-01-24 20:18:57.795386",1,2,2,114,ROSA VERIFICAR,ROSTA VENDELA,"",NO DEFINIDO,0.06
"","2025-01-24 20:18:58.788486","2025-01-24 20:18:58.788520",1,2,2,116,ROSA VERIFICAR,TIFANY,"",NO DEFINIDO,0.06
"","2025-01-24 20:18:59.530707","2025-01-24 20:18:59.530734",1,2,2,117,ROSA VERIFICAR,WHITE OHARA,"",NO DEFINIDO,0.06
"","2025-01-24 23:32:56.766807","2025-01-24 23:32:56.766834",1,2,2,118,ROSA,FAITH,products/FAITH.png,PINK,0
"","2025-01-24 23:33:42.236252","2025-01-24 23:33:42.236286",1,2,2,119,ROSA,MANDALA,products/MANDALA.png,PINK,0
"","2025-01-25 00:13:50.757290","2025-01-25 00:13:50.757311",1,2,2,120,SPARY ROSES,YELOW BABE,products/YELOW_BABE.png,SPRAY ROSES,0
"","2025-01-25 00:14:59.971563","2025-01-25 00:14:59.971596",1,2,2,121,SPARY ROSES,ILSE,products/ILSE.png,SPRAY ROSES,0
"","2025-01-25 00:17:13.630403","2025-01-25 00:17:13.630438",1,2,2,122,SPARY ROSES,LOVELY,products/LOVELY.png,SPRAY ROSES,0
"","2025-01-25 00:19:33.980269","2025-01-25 00:19:33.980304",1,2,2,123,SPARY ROSES,WHITE MAJOLIKA,products/WHITE_MAJOLIKA.png,SPRAY ROSES,0
"","2025-01-25 00:21:00.997555","2025-01-25 00:21:00.997590",1,2,2,124,SPARY ROSES,MAMBO,products/MAMBO.png,SPRAY ROSES,0
"","2025-01-25 00:22:08.301661","2025-01-25 00:22:08.301686",1,2,2,125,SPARY ROSES,BABE,products/BABE.png,SPRAY ROSES,0
"","2025-01-25 00:22:43.972980","2025-01-25 00:22:43.973000",1,2,2,126,SPARY ROSES,SUPER NOVA,products/SUPER_NOVA.png,SPRAY ROSES,0
"","2025-01-25 00:23:24.206384","2025-01-25 00:23:24.206408",1,2,2,127,SPARY ROSES,PURPLE IRISHKA,products/PURPLE_IRISHKA.png,SPRAY ROSES,0
"","2025-01-25 00:24:00.481135","2025-01-25 00:24:00.481163",1,2,2,128,SPARY ROSES,STAR BLUSH,products/STAR_BLUSH.png,SPRAY ROSES,0
"","2025-01-25 00:25:05.059011","2025-01-25 00:25:05.059047",1,2,2,129,SPARY ROSES,PINK FLASH,products/PINK_FLASH.png,SPRAY ROSES,0
"","2025-01-25 00:25:51.668818","2025-01-25 00:25:51.668914",1,2,2,130,SPARY ROSES,CHABLIS,products/CHABLIS.png,SPRAY ROSES,0
"","2025-01-25 00:27:03.423351","2025-01-25 00:27:03.423388",1,2,2,131,SPARY ROSES,SAHARA SENTAT,products/SPRING_SAHARA.png,SPRAY ROSES,0
"","2025-01-25 00:27:31.044271","2025-01-25 00:27:31.044314",1,2,2,132,SPARY ROSES,RUBICON,products/RUBICON.png,SPRAY ROSES,0
,"2025-01-28 09:04:25.560481","2025-01-28 09:04:25.560513",1,2,2,133,ROSA VERIFICAR,TOFFE,"",NO DEFINIDO,0.06
,"2025-01-28 09:09:08.571231","2025-01-28 09:09:08.571266",1,2,2,134,ROSA VERIFICAR,LUVIANNA,"",NO DEFINIDO,0.06
,"2025-01-28 09:09:08.864055","2025-01-28 09:09:08.864089",1,2,2,135,ROSA VERIFICAR,CREAM IVORY,"",NO DEFINIDO,0.06
,"2025-01-28 09:09:09.305090","2025-01-28 09:09:09.305123",1,2,2,136,ROSA VERIFICAR,VIVIANNE,"",NO DEFINIDO,0.06
,"2025-01-28 09:09:09.422855","2025-01-28 09:09:09.422944",1,2,2,137,ROSA VERIFICAR,SUNCITY,"",NO DEFINIDO,0.06
,"2025-01-28 09:09:09.534716","2025-01-28 09:09:09.534747",1,2,2,138,ROSA VERIFICAR,YELLOW BABE,"",NO DEFINIDO,0.06
,"2025-01-28 09:09:10.526174","2025-01-28 09:09:10.526198",1,2,2,139,ROSA VERIFICAR,WHITEMAJOLIKA,"",NO DEFINIDO,0.06
,"2025-01-28 09:09:10.787757","2025-01-28 09:09:10.787791",1,2,2,140,ROSA VERIFICAR,PORCELINA,"",NO DEFINIDO,0.06
,"2025-01-28 09:09:10.915902","2025-01-28 09:09:10.915933",1,2,2,141,ROSA VERIFICAR,ELECTRA,"",NO DEFINIDO,0.06
,"2025-01-29 12:05:35.850601","2025-01-29 12:05:35.850631",1,2,2,142,ROSA VERIFICAR,AURORA GARDEN,"",NO DEFINIDO,0.06
,"2025-01-29 12:05:36.327710","2025-01-29 12:05:36.327727",1,2,2,143,ROSA VERIFICAR,ALY,"",NO DEFINIDO,0.06
,"2025-01-29 12:05:36.441545","2025-01-29 12:05:36.441619",1,2,2,144,ROSA VERIFICAR,BARISTA,"",NO DEFINIDO,0.06
,"2025-01-29 12:05:36.633302","2025-01-29 12:05:36.633333",1,2,2,145,ROSA VERIFICAR,CARNELIAN,"",NO DEFINIDO,0.06
,"2025-01-29 12:05:36.765835","2025-01-29 12:05:36.765865",1,2,2,146,ROSA VERIFICAR,CHAMPAGNE,"",NO DEFINIDO,0.06
,"2025-01-29 12:05:36.966212","2025-01-29 12:05:36.966234",1,2,2,147,ROSA VERIFICAR,COUNTRY SECRET,"",NO DEFINIDO,0.06
,"2025-01-29 12:05:37.083942","2025-01-29 12:05:37.083960",1,2,2,148,ROSA VERIFICAR,CREAM DE LA CREAM,"",NO DEFINIDO,0.06
,"2025-01-29 12:05:37.287777","2025-01-29 12:05:37.287968",1,2,2,149,ROSA VERIFICAR,FELICITY,"",NO DEFINIDO,0.06
,"2025-01-29 12:05:37.435781","2025-01-29 12:05:37.435862",1,2,2,150,ROSA VERIFICAR,KERIO,"",NO DEFINIDO,0.06
,"2025-01-29 12:05:37.594301","2025-01-29 12:05:37.594324",1,2,2,151,ROSA VERIFICAR,MENTA,"",NO DEFINIDO,0.06
,"2025-01-29 12:05:37.794682","2025-01-29 12:05:37.794708",1,2,2,152,ROSA VERIFICAR,NAUTICA,"",NO DEFINIDO,0.06
,"2025-01-29 12:05:38.139420","2025-01-29 12:05:38.139445",1,2,2,153,ROSA VERIFICAR,POLAR STAR,"",NO DEFINIDO,0.06
,"2025-01-29 12:05:38.349277","2025-01-29 12:05:38.349307",1,2,2,154,ROSA VERIFICAR,QUICK SAND,"",NO DEFINIDO,0.06
,"2025-01-29 12:05:38.754258","2025-01-29 12:05:38.754291",1,2,2,155,ROSA VERIFICAR,SANDY,"",NO DEFINIDO,0.06
,"2025-01-29 12:05:39.048487","2025-01-29 12:05:39.048507",1,2,2,156,ROSA VERIFICAR,SILVERY LIGHT,"",NO DEFINIDO,0.06
,"2025-01-29 12:05:39.328335","2025-01-29 12:05:39.328354",1,2,2,157,ROSA VERIFICAR,MIX COLOR,"",NO DEFINIDO,0.06
,"2025-02-03 08:57:57.368855","2025-02-03 08:57:57.368881",1,2,2,158,ROSA VERIFICAR,SECRETOS GARDEN,"",NO DEFINIDO,0.06
,"2025-02-03 11:25:11.925561","2025-02-03 11:25:11.925579",1,2,2,159,ROSA VERIFICAR,BLUE MOON,"",NO DEFINIDO,0.06
,"2025-02-03 11:25:13.451099","2025-02-03 11:25:13.451170",1,2,2,160,ROSA VERIFICAR,VDAY PACK,"",NO DEFINIDO,0.06
,"2025-02-03 11:25:13.807579","2025-02-03 11:25:13.807611",1,2,2,161,ROSA VERIFICAR,MIXTAS,"",NO DEFINIDO,0.06
,"2025-02-03 12:08:45.731733","2025-02-03 12:08:45.731757",1,2,2,162,ROSA VERIFICAR,LUCIANO,"",NO DEFINIDO,0.06
,"2025-02-18 22:08:45.462310","2025-02-18 22:08:45.462325",1,1,1,163,ROSA VERIFICAR,ANTONIA,"",NO DEFINIDO,0.06
,"2025-02-18 22:08:45.521572","2025-02-18 22:08:45.521585",1,1,1,164,ROSA VERIFICAR,ATOMIC,"",NO DEFINIDO,0.06
,"2025-02-18 22:08:45.577979","2025-02-18 22:08:45.577991",1,1,1,165,ROSA VERIFICAR,BLUE DREAM,"",NO DEFINIDO,0.06
,"2025-02-18 22:08:45.721484","2025-02-18 22:08:45.721496",1,1,1,166,ROSA VERIFICAR,COTTON X-PRESSION,"",NO DEFINIDO,0.06
,"2025-02-18 22:08:45.906249","2025-02-18 22:08:45.906261",1,1,1,167,ROSA VERIFICAR,GOLDFINCH,"",NO DEFINIDO,0.06
,"2025-02-18 22:08:45.966095","2025-02-18 22:08:45.966107",1,1,1,168,ROSA VERIFICAR,KINGS CROSS,"",NO DEFINIDO,0.06
,"2025-02-18 22:08:46.201128","2025-02-18 22:08:46.201140",1,1,1,169,ROSA VERIFICAR,MOODY BLUES,"",NO DEFINIDO,0.06
,"2025-02-18 22:08:46.606510","2025-02-18 22:08:46.606523",1,1,1,170,ROSA VERIFICAR,SYMBOL,"",NO DEFINIDO,0.06
,"2025-02-21 09:24:47.138143","2025-02-21 09:24:47.138157",1,1,1,171,ROSA VERIFICAR,AMOROSA,"",NO DEFINIDO,0.06
,"2025-02-21 09:24:47.334185","2025-02-21 09:24:47.334198",1,1,1,172,ROSA VERIFICAR,CABARET,"",NO DEFINIDO,0.06
,"2025-02-21 09:24:47.560996","2025-02-21 09:24:47.561009",1,1,1,173,ROSA VERIFICAR,DYNAMIC,"",NO DEFINIDO,0.06
,"2025-02-21 09:24:47.768309","2025-02-21 09:24:47.768323",1,1,1,174,ROSA VERIFICAR,HIGH & BOOMING,"",NO DEFINIDO,0.06
,"2025-02-21 09:24:47.924512","2025-02-21 09:24:47.924526",1,1,1,175,ROSA VERIFICAR,LORRAINE,"",NO DEFINIDO,0.06
,"2025-02-21 09:24:47.982050","2025-02-21 09:24:47.982063",1,1,1,176,ROSA VERIFICAR,MIA,"",NO DEFINIDO,0.06
,"2025-02-21 09:24:48.159312","2025-02-21 09:24:48.159326",1,1,1,177,ROSA VERIFICAR,MOONSTONE,"",NO DEFINIDO,0.06
,"2025-02-21 09:24:48.258600","2025-02-21 09:24:48.258613",1,1,1,178,ROSA VERIFICAR,NEWSFLASH,"",NO DEFINIDO,0.06
,"2025-02-21 09:24:48.348603","2025-02-21 09:24:48.348615",1,1,1,179,ROSA VERIFICAR,ORANGE BOWL,"",NO DEFINIDO,0.06
,"2025-02-21 09:24:48.391088","2025-02-21 09:24:48.391101",1,1,1,180,ROSA VERIFICAR,PRIMAVERA,"",NO DEFINIDO,0.06
,"2025-02-21 09:24:48.433915","2025-02-21 09:24:48.433929",1,1,1,181,ROSA VERIFICAR,SALMA,"",NO DEFINIDO,0.06
,"2025-02-21 09:24:48.548058","2025-02-21 09:24:48.548077",1,1,1,182,ROSA VERIFICAR,SOUL,"",NO DEFINIDO,0.06
,"2025-02-21 09:24:48.721790","2025-02-21 09:24:48.721802",1,1,1,183,ROSA VERIFICAR,TROTTOLA,"",NO DEFINIDO,0.06
,"2025-02-25 17:26:07.471509","2025-02-25 17:26:07.471521",1,2,2,184,ROSA VERIFICAR,CARAMELO,"",NO DEFINIDO,0.06
,"2025-02-25 17:26:07.676642","2025-02-25 17:26:07.676656",1,2,2,185,ROSA VERIFICAR,PHOENIX,"",NO DEFINIDO,0.06
,"2025-02-25 17:26:07.751705","2025-02-25 17:26:07.751719",1,2,2,186,ROSA VERIFICAR,POMPEII,"",NO DEFINIDO,0.06
,"2025-03-02 23:20:22.042565","2025-03-02 23:20:22.042578",1,2,2,187,ROSA VERIFICAR,SPRAY SNOWFLAKE,"",NO DEFINIDO,0.06
,"2025-03-05 00:17:55.362384","2025-03-05 00:17:55.362400",1,2,2,188,ROSA VERIFICAR,MOODYBLUES,"",NO DEFINIDO,0.06
,"2025-03-05 00:20:02.060014","2025-03-05 00:20:02.060034",1,2,2,189,ROSA VERIFICAR,DRAGONFLY,"",NO DEFINIDO,0.06
,"2025-03-05 00:20:02.414880","2025-03-05 00:20:02.414893",1,2,2,190,ROSA VERIFICAR,HAPPY BRIDE,"",NO DEFINIDO,0.06
,"2025-03-05 00:20:02.870908","2025-03-05 00:20:02.870921",1,2,2,191,ROSA VERIFICAR,MANDARIN XPRESION,"",NO DEFINIDO,0.06
,"2025-03-05 00:20:03.191674","2025-03-05 00:20:03.191688",1,2,2,192,ROSA VERIFICAR,PRINCES CROWN,"",NO DEFINIDO,0.06
,"2025-03-05 00:20:03.296228","2025-03-05 00:20:03.296240",1,2,2,193,ROSA VERIFICAR,QUEENS CROWN,"",NO DEFINIDO,0.06
,"2025-03-18 22:13:59.676415","2025-03-18 22:13:59.676431",1,2,2,194,ROSA VERIFICAR,AMARETO,"",NO DEFINIDO,0.06
,"2025-03-18 22:14:01.745606","2025-03-18 22:14:01.745619",1,2,2,195,ROSA VERIFICAR,WHITE SHIMMER,"",NO DEFINIDO,0.06
,"2025-03-20 22:32:47.890386","2025-03-20 22:32:47.890402",1,2,2,196,ROSA VERIFICAR,VI PINK,"",NO DEFINIDO,0.06
,"2025-03-20 22:38:44.875140","2025-03-20 22:38:44.875177",1,2,2,197,ROSA VERIFICAR,BE SWET,"",NO DEFINIDO,0.06
,"2025-03-20 22:38:44.923414","2025-03-20 22:38:44.923434",1,2,2,198,ROSA VERIFICAR,BRIGTHON,"",NO DEFINIDO,0.06
,"2025-03-20 22:38:44.985042","2025-03-20 22:38:44.985065",1,2,2,199,ROSA VERIFICAR,CANDELAIGTH,"",NO DEFINIDO,0.06
,"2025-03-20 22:38:45.417767","2025-03-20 22:38:45.417799",1,2,2,200,ROSA VERIFICAR,SWETNES,"",NO DEFINIDO,0.06
,"2025-03-20 22:38:45.591454","2025-03-20 22:38:45.591471",1,2,2,201,ROSA VERIFICAR,FREDOM,"",NO DEFINIDO,0.06
,"2025-03-20 22:38:45.652975","2025-03-20 22:38:45.653003",1,2,2,202,ROSA VERIFICAR,RED PANTHET,"",NO DEFINIDO,0.06
,"2025-03-20 22:38:45.686864","2025-03-20 22:38:45.686882",1,2,2,203,ROSA VERIFICAR,RED PANTHER,"",NO DEFINIDO,0.06
,"2025-03-27 10:03:24.395992","2025-03-27 10:03:24.396030",1,2,2,204,ROSA VERIFICAR,BUMBLEBEE,"",NO DEFINIDO,0.06
,"2025-03-27 10:03:24.428813","2025-03-27 10:03:24.428840",1,2,2,205,ROSA VERIFICAR,CANDLELIGTH,"",NO DEFINIDO,0.06
,"2025-03-27 10:03:24.793761","2025-03-27 10:03:24.793780",1,2,2,206,ROSA VERIFICAR,PANDORA,"",NO DEFINIDO,0.06
,"2025-03-27 10:03:24.818299","2025-03-27 10:03:24.818326",1,2,2,207,ROSA VERIFICAR,PASION TURCA,"",NO DEFINIDO,0.06
,"2025-03-27 10:03:24.902440","2025-03-27 10:03:24.902469",1,2,2,208,ROSA VERIFICAR,POMA ROSA,"",NO DEFINIDO,0.06
,"2025-03-28 09:10:22.323726","2025-03-28 09:10:22.323742",1,2,2,209,ROSA VERIFICAR,BE SWETN,"",NO DEFINIDO,0.06
,"2025-03-28 09:10:22.419587","2025-03-28 09:10:22.419612",1,2,2,210,ROSA VERIFICAR,CANDELIGTH,"",NO DEFINIDO,0.06
,"2025-03-28 09:10:22.786911","2025-03-28 09:10:22.786926",1,2,2,211,ROSA VERIFICAR,QUICKSANA,"",NO DEFINIDO,0.06
,"2025-03-28 09:10:22.814349","2025-03-28 09:10:22.814367",1,2,2,212,ROSA VERIFICAR,SHIMER,"",NO DEFINIDO,0.06
,"2025-03-28 09:23:11.844141","2025-03-28 09:23:11.844158",1,2,2,213,ROSA VERIFICAR,WASABI,"",NO DEFINIDO,0.06
,"2025-03-31 07:55:52.739168","2025-03-31 07:55:52.739187",1,2,2,214,ROSA VERIFICAR,FRUTETTO,"",NO DEFINIDO,0.06
,"2025-03-31 07:55:52.834839","2025-03-31 07:55:52.834856",1,2,2,215,ROSA VERIFICAR,HIGH BOOMING,"",NO DEFINIDO,0.06
,"2025-03-31 07:55:52.890767","2025-03-31 07:55:52.890783",1,2,2,216,ROSA VERIFICAR,LIGHTHOUSE,"",NO DEFINIDO,0.06
,"2025-04-04 11:37:11.711273","2025-04-04 11:37:11.711290",1,2,2,217,ROSA VERIFICAR,BELLA DONA,"",NO DEFINIDO,0.06
,"2025-04-04 11:37:11.854089","2025-04-04 11:37:11.854111",1,2,2,218,ROSA VERIFICAR,FRE SPIRIT,"",NO DEFINIDO,0.06
,"2025-04-04 11:37:12.178043","2025-04-04 11:37:12.178067",1,2,2,219,ROSA VERIFICAR,MOTHER OF PEARL,"",NO DEFINIDO,0.06
,"2025-04-08 19:33:14.797075","2025-04-08 19:33:14.797091",1,2,2,220,ROSA VERIFICAR,PINK XPRESION,"",NO DEFINIDO,0.06
,"2025-04-09 10:35:23.877560","2025-04-09 10:35:23.877577",1,2,2,221,ROSA VERIFICAR,SWET UNIQUE,"",NO DEFINIDO,0.06
,"2025-04-09 10:35:23.989998","2025-04-09 10:35:23.990021",1,2,2,222,ROSA VERIFICAR,WHTE OHARA,"",NO DEFINIDO,0.06
,"2025-04-10 07:52:57.152586","2025-04-10 07:52:57.152608",1,2,2,223,ROSA VERIFICAR,PINK OHARA,"",NO DEFINIDO,0.06
,"2025-04-10 08:17:09.756462","2025-04-10 08:17:09.756474",1,2,2,224,ROSA VERIFICAR,BRAVE,"",NO DEFINIDO,0.06
,"2025-04-10 08:17:09.785441","2025-04-10 08:17:09.785456",1,2,2,225,ROSA VERIFICAR,CANDY CANE,"",NO DEFINIDO,0.06
,"2025-04-10 08:17:09.829911","2025-04-10 08:17:09.829924",1,2,2,226,ROSA VERIFICAR,COLD PLAY,"",NO DEFINIDO,0.06
,"2025-04-10 08:17:09.866751","2025-04-10 08:17:09.866766",1,2,2,227,ROSA VERIFICAR,COUNTRY LOUISE,"",NO DEFINIDO,0.06
,"2025-04-10 08:17:09.897913","2025-04-10 08:17:09.897952",1,2,2,228,ROSA VERIFICAR,CREAM CARPEDIEM,"",NO DEFINIDO,0.06
,"2025-04-10 08:17:09.960751","2025-04-10 08:17:09.960790",1,2,2,229,ROSA VERIFICAR,ENCANTO,"",NO DEFINIDO,0.06
,"2025-04-10 08:17:09.993487","2025-04-10 08:17:09.993513",1,2,2,230,ROSA VERIFICAR,ENDORA,"",NO DEFINIDO,0.06
,"2025-04-10 08:17:10.017320","2025-04-10 08:17:10.017381",1,2,2,231,ROSA VERIFICAR,FASCINATION,"",NO DEFINIDO,0.06
,"2025-04-10 08:17:10.068665","2025-04-10 08:17:10.068681",1,2,2,232,ROSA VERIFICAR,GARDEN SPIRIT,"",NO DEFINIDO,0.06
,"2025-04-10 08:17:10.328683","2025-04-10 08:17:10.328701",1,2,2,233,ROSA VERIFICAR,HELENE,"",NO DEFINIDO,0.06
,"2025-04-10 08:17:10.465251","2025-04-10 08:17:10.465287",1,2,2,234,ROSA VERIFICAR,HOUDINI,"",NO DEFINIDO,0.06
,"2025-04-10 08:17:10.588768","2025-04-10 08:17:10.588792",1,2,2,235,ROSA VERIFICAR,JACARANDA,"",NO DEFINIDO,0.06
,"2025-04-10 08:17:10.612064","2025-04-10 08:17:10.612091",1,2,2,236,ROSA VERIFICAR,JOURNEY,"",NO DEFINIDO,0.06
,"2025-04-10 08:17:10.690010","2025-04-10 08:17:10.690039",1,2,2,237,ROSA VERIFICAR,LORENA SUMMERHOUSE,"",NO DEFINIDO,0.06
,"2025-04-10 08:17:10.782814","2025-04-10 08:17:10.782852",1,2,2,238,ROSA VERIFICAR,MADONNA,"",NO DEFINIDO,0.06
,"2025-04-10 08:17:10.919120","2025-04-10 08:17:10.919146",1,2,2,239,ROSA VERIFICAR,PINK AMARETTO,"",NO DEFINIDO,0.06
,"2025-04-10 08:17:11.088604","2025-04-10 08:17:11.088621",1,2,2,240,ROSA VERIFICAR,ROMANCE,"",NO DEFINIDO,0.06
,"2025-04-10 08:17:11.125023","2025-04-10 08:17:11.125046",1,2,2,241,ROSA VERIFICAR,SILVER SAND,"",NO DEFINIDO,0.06
,"2025-04-10 08:17:11.144536","2025-04-10 08:17:11.144553",1,2,2,242,ROSA VERIFICAR,SWEET XPRESSION,"",NO DEFINIDO,0.06
,"2025-04-10 08:17:11.234292","2025-04-10 08:17:11.234326",1,2,2,243,ROSA VERIFICAR,TOSCANA,"",NO DEFINIDO,0.06
,"2025-04-10 08:17:11.265501","2025-04-10 08:17:11.265520",1,2,2,244,ROSA VERIFICAR,VANIA,"",NO DEFINIDO,0.06
,"2025-04-10 08:17:11.287955","2025-04-10 08:17:11.287976",1,2,2,245,ROSA VERIFICAR,VENTUROSO,"",NO DEFINIDO,0.06
,"2025-04-10 08:17:11.344665","2025-04-10 08:17:11.344684",1,2,2,246,ROSA VERIFICAR,BUTTERFLY SENSATION,"",NO DEFINIDO,0.06
,"2025-04-10 08:17:11.373656","2025-04-10 08:17:11.373678",1,2,2,247,ROSA VERIFICAR,CLASSIC SENSATION,"",NO DEFINIDO,0.06
,"2025-04-10 08:17:11.401334","2025-04-10 08:17:11.401379",1,2,2,248,ROSA VERIFICAR,PINK MAJOLICA,"",NO DEFINIDO,0.06
,"2025-04-10 08:17:11.432589","2025-04-10 08:17:11.432606",1,2,2,249,ROSA VERIFICAR,SAHARA SENSATION,"",NO DEFINIDO,0.06
,"2025-04-10 08:17:11.461326","2025-04-10 08:17:11.461341",1,2,2,250,ROSA VERIFICAR,WEDDING SENSATION,"",NO DEFINIDO,0.06
,"2025-04-10 08:21:08.674299","2025-04-10 08:21:08.674322",1,2,2,251,ROSA VERIFICAR,ENCHANTMENT,"",NO DEFINIDO,0.06
,"2025-05-05 20:51:59.449209","2025-05-05 20:51:59.449224",1,2,2,252,ROSA VERIFICAR,BOULEVARD,"",NO DEFINIDO,0.06
,"2025-05-05 20:53:13.032663","2025-05-05 20:53:13.032687",1,2,2,253,ROSA VERIFICAR,CANDLE LIGHT,"",NO DEFINIDO,0.06
,"2025-05-06 15:00:50.011521","2025-05-06 15:00:50.011545",1,2,2,254,ROSA VERIFICAR,SAND CASTLE,"",NO DEFINIDO,0.06
,"2025-05-06 15:00:50.059005","2025-05-06 15:00:50.059022",1,2,2,255,ROSA VERIFICAR,SWEET BREAT,"",NO DEFINIDO,0.06
,"2025-05-06 15:03:22.778158","2025-05-06 15:03:22.778171",1,2,2,256,ROSA VERIFICAR,EXPLORER-,"",NO DEFINIDO,0.06
,"2025-05-13 10:10:35.951959","2025-05-13 10:10:35.951982",1,2,2,257,ROSA VERIFICAR,MIX GARDEN,"",NO DEFINIDO,0.06
,"2025-05-13 10:22:46.991731","2025-05-13 10:22:46.991794",1,2,2,258,ROSA VERIFICAR,BLUEZ,"",NO DEFINIDO,0.06
,"2025-05-13 10:22:47.119282","2025-05-13 10:22:47.119299",1,2,2,259,ROSA VERIFICAR,CATALINA,"",NO DEFINIDO,0.06
,"2025-05-13 10:22:47.163256","2025-05-13 10:22:47.163272",1,2,2,260,ROSA VERIFICAR,CREME DE LA CREME,"",NO DEFINIDO,0.06
,"2025-05-13 10:22:47.298960","2025-05-13 10:22:47.298983",1,2,2,261,ROSA VERIFICAR,FIRST LADY,"",NO DEFINIDO,0.06
,"2025-05-13 10:22:47.479906","2025-05-13 10:22:47.479927",1,2,2,262,ROSA VERIFICAR,IMAGINATION,"",NO DEFINIDO,0.06
,"2025-05-13 10:22:47.765624","2025-05-13 10:22:47.765648",1,2,2,263,ROSA VERIFICAR,PINK LOVE,"",NO DEFINIDO,0.06
,"2025-05-13 10:22:47.882322","2025-05-13 10:22:47.882341",1,2,2,264,ROSA VERIFICAR,PRIME TIME,"",NO DEFINIDO,0.06
,"2025-05-13 10:22:47.923703","2025-05-13 10:22:47.923718",1,2,2,265,ROSA VERIFICAR,PRINCESS CROWN,"",NO DEFINIDO,0.06
,"2025-05-13 10:22:48.051166","2025-05-13 10:22:48.051186",1,2,2,266,ROSA VERIFICAR,SPRITZ,"",NO DEFINIDO,0.06
,"2025-05-13 10:22:48.140789","2025-05-13 10:22:48.140805",1,2,2,267,ROSA VERIFICAR,VINTAGE,"",NO DEFINIDO,0.06
,"2025-05-14 07:30:19.711514","2025-05-14 07:30:19.711535",1,2,2,268,ROSA VERIFICAR,RED MIKADO,"",NO DEFINIDO,0.06
,"2025-05-14 07:30:19.991876","2025-05-14 07:30:19.991899",1,2,2,269,ROSA VERIFICAR,CHERRY FOLIES,"",NO DEFINIDO,0.06
,"2025-05-14 07:30:20.022466","2025-05-14 07:30:20.022481",1,2,2,270,ROSA VERIFICAR,ORANGE STAR,"",NO DEFINIDO,0.06
,"2025-05-14 07:30:20.049154","2025-05-14 07:30:20.049171",1,2,2,271,ROSA VERIFICAR,PURPLE IRISK,"",NO DEFINIDO,0.06
,"2025-05-14 07:33:16.069033","2025-05-14 07:33:16.069050",1,2,2,272,ROSA VERIFICAR,MOMENTUN,"",NO DEFINIDO,0.06
,"2025-05-14 08:26:19.364008","2025-05-14 08:26:19.364030",1,2,2,273,ROSA VERIFICAR,BLACK MAGIC,"",NO DEFINIDO,0.06
,"2025-05-14 08:26:19.692969","2025-05-14 08:26:19.692988",1,2,2,274,ROSA VERIFICAR,FIDJI,"",NO DEFINIDO,0.06
,"2025-05-14 08:26:19.909821","2025-05-14 08:26:19.909836",1,2,2,275,ROSA VERIFICAR,HIGH & MAGIC,"",NO DEFINIDO,0.06
,"2025-05-14 08:26:19.957769","2025-05-14 08:26:19.957793",1,2,2,276,ROSA VERIFICAR,HIGH & ORANGE,"",NO DEFINIDO,0.06
,"2025-05-14 08:26:19.986576","2025-05-14 08:26:19.986595",1,2,2,277,ROSA VERIFICAR,HOT LADY,"",NO DEFINIDO,0.06
,"2025-05-14 08:26:20.074296","2025-05-14 08:26:20.074314",1,2,2,278,ROSA VERIFICAR,MANDARIN X-PRESSION,"",NO DEFINIDO,0.06
,"2025-05-14 08:26:20.551506","2025-05-14 08:26:20.551531",1,2,2,279,ROSA VERIFICAR,ROUGE BASSIER,"",NO DEFINIDO,0.06
,"2025-05-14 08:26:20.588433","2025-05-14 08:26:20.588461",1,2,2,280,ROSA VERIFICAR,SEXY RED,"",NO DEFINIDO,0.06
,"2025-05-15 06:49:31.716756","2025-05-15 06:49:31.716772",1,2,2,281,ROSA VERIFICAR,MIX PINK,"",NO DEFINIDO,0.06
,"2025-05-15 06:49:31.761089","2025-05-15 06:49:31.761107",1,2,2,282,ROSA VERIFICAR,MIX WHITE,"",NO DEFINIDO,0.06
,"2025-05-15 06:49:31.800840","2025-05-15 06:49:31.800863",1,2,2,283,ROSA VERIFICAR,PREMIUM MIX,"",NO DEFINIDO,0.06
,"2025-05-15 06:51:59.358458","2025-05-15 06:51:59.358474",1,2,2,284,ROSA VERIFICAR,TIBETH,"",NO DEFINIDO,0.06
,"2025-05-15 06:51:59.392854","2025-05-15 06:51:59.392877",1,2,2,285,ROSA VERIFICAR,BLUE BERRY,"",NO DEFINIDO,0.06
,"2025-05-19 07:03:42.459505","2025-05-19 07:03:42.459522",1,2,2,286,ROSA VERIFICAR,BEESWEET,"",NO DEFINIDO,0.06
,"2025-05-19 07:03:42.511048","2025-05-19 07:03:42.511072",1,2,2,287,ROSA VERIFICAR,DEEPURPLE,"",NO DEFINIDO,0.06
,"2025-05-19 07:03:42.575084","2025-05-19 07:03:42.575109",1,2,2,288,ROSA VERIFICAR,FREESPIRIT,"",NO DEFINIDO,0.06
,"2025-05-19 07:03:42.645784","2025-05-19 07:03:42.645803",1,2,2,289,ROSA VERIFICAR,GERALDINE,"",NO DEFINIDO,0.06
,"2025-05-19 07:03:43.262228","2025-05-19 07:03:43.262252",1,2,2,290,ROSA VERIFICAR,SWEETUNIQUE,"",NO DEFINIDO,0.06
,"2025-05-19 07:03:43.372456","2025-05-19 07:03:43.372475",1,2,2,291,ROSA VERIFICAR,MIX TINTED,"",NO DEFINIDO,0.06
,"2025-05-19 07:03:43.409667","2025-05-19 07:03:43.409683",1,2,2,292,ROSA VERIFICAR,TINTED MONDIAL BLUE,"",NO DEFINIDO,0.06
,"2025-05-19 07:03:43.445207","2025-05-19 07:03:43.445225",1,2,2,293,ROSA VERIFICAR,TINTED MONDIAL RAINBOW,"",NO DEFINIDO,0.06
,"2025-05-21 08:20:17.296465","2025-05-21 08:20:17.296490",1,2,2,294,ROSA VERIFICAR,AMSTERDAM,"",NO DEFINIDO,0.06
,"2025-05-21 08:20:17.513597","2025-05-21 08:20:17.513621",1,2,2,295,ROSA VERIFICAR,BRIGTOHN,"",NO DEFINIDO,0.06
,"2025-05-21 08:20:17.550414","2025-05-21 08:20:17.550430",1,2,2,296,ROSA VERIFICAR,CANDELITH,"",NO DEFINIDO,0.06
,"2025-05-21 08:20:17.580099","2025-05-21 08:20:17.580123",1,2,2,297,ROSA VERIFICAR,CHERRY O,"",NO DEFINIDO,0.06
,"2025-05-21 08:20:18.431117","2025-05-21 08:20:18.431135",1,2,2,298,ROSA VERIFICAR,MONDILA,"",NO DEFINIDO,0.06
,"2025-05-22 09:54:23.703917","2025-05-22 09:54:23.703944",1,2,2,299,ROSA VERIFICAR,CANDY XPRESSION,"",NO DEFINIDO,0.06
,"2025-05-22 09:54:23.891799","2025-05-22 09:54:23.891815",1,2,2,300,ROSA VERIFICAR,HERMOA,"",NO DEFINIDO,0.06
,"2025-05-22 09:56:19.055494","2025-05-22 09:56:19.055520",1,2,2,301,ROSA VERIFICAR,DRAGON FLY,"",NO DEFINIDO,0.06
,"2025-05-22 09:56:19.147656","2025-05-22 09:56:19.147673",1,2,2,302,ROSA VERIFICAR,FRE SPIRTI,"",NO DEFINIDO,0.06
,"2025-05-22 21:02:35.734550","2025-05-22 21:02:35.734567",1,2,2,303,ROSA VERIFICAR,BLUSH MAJOLIK,"",NO DEFINIDO,0.06
,"2025-05-22 21:02:35.806751","2025-05-22 21:02:35.806768",1,2,2,304,ROSA VERIFICAR,LAVANDER IRISKA,"",NO DEFINIDO,0.06
,"2025-05-22 21:02:35.843031","2025-05-22 21:02:35.843057",1,2,2,305,ROSA VERIFICAR,WHITE MIKADO,"",NO DEFINIDO,0.06
,"2025-05-22 21:02:35.935639","2025-05-22 21:02:35.935673",1,2,2,306,ROSA VERIFICAR,CREAM LIDYA,"",NO DEFINIDO,0.06
,"2025-05-22 21:02:36.148251","2025-05-22 21:02:36.148415",1,2,2,307,ROSA VERIFICAR,HOT MAJOLIK,"",NO DEFINIDO,0.06
,"2025-05-22 21:02:36.642002","2025-05-22 21:02:36.642025",1,2,2,308,ROSA VERIFICAR,RED BRILLANT STAR,"",NO DEFINIDO,0.06
,"2025-05-22 21:02:37.246323","2025-05-22 21:02:37.246342",1,2,2,309,ROSA VERIFICAR,LIVIANA,"",NO DEFINIDO,0.06
,"2025-05-27 07:35:23.257535","2025-05-27 07:35:23.257556",1,2,2,310,ROSA VERIFICAR,HERNOSA,"",NO DEFINIDO,0.06
,"2025-05-27 07:48:58.943430","2025-05-27 07:48:58.943457",1,2,2,311,ROSA VERIFICAR,BLU MON,"",NO DEFINIDO,0.06
,"2025-05-28 09:14:54.171438","2025-05-28 09:14:54.171455",1,2,2,312,ROSA VERIFICAR,ALBA,"",NO DEFINIDO,0.06
,"2025-05-28 09:14:54.277599","2025-05-28 09:14:54.277615",1,2,2,313,ROSA VERIFICAR,ANTONIA GARDENS,"",NO DEFINIDO,0.06
,"2025-05-28 09:14:54.419046","2025-05-28 09:14:54.419065",1,2,2,314,ROSA VERIFICAR,CHERRY IGUAZU,"",NO DEFINIDO,0.06
,"2025-05-28 09:14:54.488585","2025-05-28 09:14:54.488603",1,2,2,315,ROSA VERIFICAR,CLOWN,"",NO DEFINIDO,0.06
,"2025-05-28 09:14:55.509871","2025-05-28 09:14:55.509887",1,2,2,316,ROSA VERIFICAR,MELON X PRESSION,"",NO DEFINIDO,0.06
,"2025-05-28 09:14:55.535477","2025-05-28 09:14:55.535497",1,2,2,317,ROSA VERIFICAR,MISS PIGGY,"",NO DEFINIDO,0.06
,"2025-05-28 09:14:55.974758","2025-05-28 09:14:55.974782",1,2,2,318,ROSA VERIFICAR,PINK PUMA,"",NO DEFINIDO,0.06
,"2025-05-28 09:14:56.001230","2025-05-28 09:14:56.001256",1,2,2,319,ROSA VERIFICAR,PINK X PRESSION,"",NO DEFINIDO,0.06
,"2025-05-28 09:14:56.175369","2025-05-28 09:14:56.175387",1,2,2,320,ROSA VERIFICAR,QUEENBERRY,"",NO DEFINIDO,0.06
,"2025-05-28 09:14:56.364400","2025-05-28 09:14:56.364421",1,2,2,321,ROSA VERIFICAR,TAMARA,"",NO DEFINIDO,0.06
,"2025-05-28 09:15:40.851390","2025-05-28 09:15:40.851413",1,2,2,322,ROSA VERIFICAR,BES WET,"",NO DEFINIDO,0.06
,"2025-05-29 08:15:43.908984","2025-05-29 08:15:43.909008",1,2,2,323,ROSA VERIFICAR,CONQUISTA,"",NO DEFINIDO,0.06
,"2025-05-29 08:15:43.973625","2025-05-29 08:15:43.973648",1,2,2,324,ROSA VERIFICAR,DALLAS,"",NO DEFINIDO,0.06
,"2025-05-29 08:15:44.153033","2025-05-29 08:15:44.153058",1,2,2,325,ROSA VERIFICAR,HIGH&MAGIC,"",NO DEFINIDO,0.06
,"2025-05-29 08:15:44.203681","2025-05-29 08:15:44.203702",1,2,2,326,ROSA VERIFICAR,JET SET,"",NO DEFINIDO,0.06
,"2025-05-29 08:15:44.239620","2025-05-29 08:15:44.239645",1,2,2,327,ROSA VERIFICAR,LEGEND,"",NO DEFINIDO,0.06
,"2025-05-29 08:15:44.341814","2025-05-29 08:15:44.341836",1,2,2,328,ROSA VERIFICAR,LEVEL UP,"",NO DEFINIDO,0.06
,"2025-05-29 08:15:44.407944","2025-05-29 08:15:44.407962",1,2,2,329,ROSA VERIFICAR,MARZIPAN,"",NO DEFINIDO,0.06
,"2025-05-29 08:15:44.534284","2025-05-29 08:15:44.534306",1,2,2,330,ROSA VERIFICAR,NEW FACE,"",NO DEFINIDO,0.06
,"2025-05-29 08:15:44.769070","2025-05-29 08:15:44.769092",1,2,2,331,ROSA VERIFICAR,RED PARIS,"",NO DEFINIDO,0.06
,"2025-05-29 08:15:44.806646","2025-05-29 08:15:44.806668",1,2,2,332,ROSA VERIFICAR,BLACK BACCARA,"",NO DEFINIDO,0.06
,"2025-05-29 08:15:44.880575","2025-05-29 08:15:44.880594",1,2,2,333,ROSA VERIFICAR,SHOCKING BLUE,"",NO DEFINIDO,0.06
,"2025-05-30 10:15:57.581935","2025-05-30 10:15:57.581950",1,2,2,334,ROSA VERIFICAR,BIKINI,"",NO DEFINIDO,0.06
,"2025-05-30 10:15:57.634777","2025-05-30 10:15:57.634798",1,2,2,335,ROSA VERIFICAR,CANDLLEIGTH,"",NO DEFINIDO,0.06
,"2025-06-02 06:53:36.293791","2025-06-02 06:53:36.293807",1,2,2,336,ROSA VERIFICAR,WITHE CHOCOLATE,"",NO DEFINIDO,0.06
,"2025-06-02 07:01:33.986065","2025-06-02 07:01:33.986088",1,2,2,337,ROSA VERIFICAR,BABY MONDIAL,"",NO DEFINIDO,0.06
,"2025-06-02 07:01:34.093635","2025-06-02 07:01:34.093656",1,2,2,338,ROSA VERIFICAR,CAROUSEL,"",NO DEFINIDO,0.06
,"2025-06-02 07:01:35.841113","2025-06-02 07:01:35.841134",1,2,2,339,ROSA VERIFICAR,VENDELA ,"",NO DEFINIDO,0.06
,"2025-06-02 07:01:35.880744","2025-06-02 07:01:35.880761",1,2,2,340,ROSA VERIFICAR,WHITE O HARA,"",NO DEFINIDO,0.06
,"2025-06-02 07:35:29.305277","2025-06-02 07:35:29.305302",1,2,2,341,ROSA VERIFICAR,WHITE CHOALATE,"",NO DEFINIDO,0.06
,"2025-06-02 09:02:59.195741","2025-06-02 09:02:59.195758",1,2,2,342,ROSA VERIFICAR,CLEOPATRA,"",NO DEFINIDO,0.06
,"2025-06-02 09:02:59.289975","2025-06-02 09:02:59.289998",1,2,2,343,ROSA VERIFICAR,COUNTRY QUARREL,"",NO DEFINIDO,0.06
,"2025-06-02 09:02:59.648211","2025-06-02 09:02:59.648231",1,2,2,344,ROSA VERIFICAR,NAUTICAL,"",NO DEFINIDO,0.06
,"2025-06-02 09:02:59.852479","2025-06-02 09:02:59.852504",1,2,2,345,ROSA VERIFICAR,PASTELLA,"",NO DEFINIDO,0.06
,"2025-06-02 09:03:00.189944","2025-06-02 09:03:00.189965",1,2,2,346,ROSA VERIFICAR,SEÃ‘ORITA,"",NO DEFINIDO,0.06
,"2025-06-02 09:03:00.442278","2025-06-02 09:03:00.442297",1,2,2,347,ROSA VERIFICAR,TAICOON,"",NO DEFINIDO,0.06
,"2025-06-02 09:03:00.605761","2025-06-02 09:03:00.605790",1,2,2,348,ROSA VERIFICAR,WILD CROWN,"",NO DEFINIDO,0.06
,"2025-06-02 15:05:43.899780","2025-06-02 15:05:43.899804",1,2,2,349,ROSA VERIFICAR,AMARANTO UPRIGHT BRONCE,"",NO DEFINIDO,0.06
,"2025-06-02 15:05:43.967728","2025-06-02 15:05:43.967752",1,2,2,350,ROSA VERIFICAR,AMARANTO UPRIGHT RED VELVET,"",NO DEFINIDO,0.06
,"2025-06-02 15:05:43.992566","2025-06-02 15:05:43.992583",1,2,2,351,ROSA VERIFICAR,AMARANTO UPRIGHT GREEN,"",NO DEFINIDO,0.06
,"2025-06-02 15:05:44.036125","2025-06-02 15:05:44.036147",1,2,2,352,ROSA VERIFICAR,AMARANTO HANG GREEN,"",NO DEFINIDO,0.06
,"2025-06-02 15:05:44.064313","2025-06-02 15:05:44.064329",1,2,2,353,ROSA VERIFICAR,AMARANTO HANG MIRA,"",NO DEFINIDO,0.06
"","2025-06-02 15:05:44.088924","2025-06-03 11:24:13.696773",1,2,2,354,FLOR DE VERANO,AMARANTO HANG CORAL,"",NO DEFINIDO,0.06
,"2025-06-03 08:43:22.957069","2025-06-03 08:43:22.957088",1,2,2,355,ROSA VERIFICAR,TOFFEE,"",NO DEFINIDO,0.06
,"2025-06-03 08:44:29.501562","2025-06-03 08:44:29.501580",1,2,2,356,ROSA VERIFICAR,LORAINE,"",NO DEFINIDO,0.06
,"2025-06-03 08:44:30.006622","2025-06-03 08:44:30.006641",1,2,2,357,ROSA VERIFICAR,TYFFANY,"",NO DEFINIDO,0.06
,"2025-06-03 08:44:30.045698","2025-06-03 08:44:30.045717",1,2,2,358,ROSA VERIFICAR,TYCOON,"",NO DEFINIDO,0.06
,"2025-06-03 08:46:22.547314","2025-06-03 08:46:22.547331",1,2,2,359,ROSA VERIFICAR,COPPERFIELD,"",NO DEFINIDO,0.06
,"2025-06-03 08:46:22.798228","2025-06-03 08:46:22.798248",1,2,2,360,ROSA VERIFICAR,FARFALLA,"",NO DEFINIDO,0.06
,"2025-06-03 08:46:22.855598","2025-06-03 08:46:22.855619",1,2,2,361,ROSA VERIFICAR,FLAME IGUAZU,"",NO DEFINIDO,0.06
,"2025-06-03 08:46:22.885707","2025-06-03 08:46:22.885728",1,2,2,362,ROSA VERIFICAR,FORTUNE,"",NO DEFINIDO,0.06
,"2025-06-03 08:46:22.914849","2025-06-03 08:46:22.914864",1,2,2,363,ROSA VERIFICAR,HEARTS,"",NO DEFINIDO,0.06
,"2025-06-03 08:46:22.989194","2025-06-03 08:46:22.989212",1,2,2,364,ROSA VERIFICAR,INTENSE,"",NO DEFINIDO,0.06
,"2025-06-03 08:50:56.505681","2025-06-03 08:50:56.505705",1,2,2,365,ROSA VERIFICAR,AMARNATO UPRIGHT BRONCE,"",NO DEFINIDO,0.06
,"2025-06-03 08:50:56.595677","2025-06-03 08:50:56.595693",1,2,2,366,ROSA VERIFICAR,DIANTHUS GREEN BALL,"",NO DEFINIDO,0.06
,"2025-06-04 07:51:17.585288","2025-06-04 07:51:17.585313",1,2,2,367,ROSA VERIFICAR,PINK IRISKA,"",NO DEFINIDO,0.06
,"2025-06-04 07:51:17.675446","2025-06-04 07:51:17.675464",1,2,2,368,ROSA VERIFICAR,FIBONACCI ESPIRAL,"",NO DEFINIDO,0.06
,"2025-06-04 07:58:20.922961","2025-06-04 07:58:20.922977",1,2,2,369,ROSA VERIFICAR,AUREUS,"",NO DEFINIDO,0.06
,"2025-06-04 07:58:20.964789","2025-06-04 07:58:20.964808",1,2,2,370,ROSA VERIFICAR,BLUSH MAJOLIKA,"",NO DEFINIDO,0.06
,"2025-06-04 07:58:20.996049","2025-06-04 07:58:20.996072",1,2,2,371,ROSA VERIFICAR,CHERRY FOLLIES,"",NO DEFINIDO,0.06
,"2025-06-04 07:58:21.035550","2025-06-04 07:58:21.035569",1,2,2,372,ROSA VERIFICAR,COFFE LATTO,"",NO DEFINIDO,0.06
,"2025-06-04 07:58:21.103499","2025-06-04 07:58:21.103518",1,2,2,373,ROSA VERIFICAR,CONSTELACION,"",NO DEFINIDO,0.06
,"2025-06-04 07:58:21.137478","2025-06-04 07:58:21.137500",1,2,2,374,ROSA VERIFICAR,CREAM IRISHKA,"",NO DEFINIDO,0.06
,"2025-06-04 07:58:21.193581","2025-06-04 07:58:21.193597",1,2,2,375,ROSA VERIFICAR,CRETA,"",NO DEFINIDO,0.06
,"2025-06-04 07:58:21.228500","2025-06-04 07:58:21.228517",1,2,2,376,ROSA VERIFICAR,DARK PINK,"",NO DEFINIDO,0.06
,"2025-06-04 07:58:21.254928","2025-06-04 07:58:21.254944",1,2,2,377,ROSA VERIFICAR,HARVESTMOON,"",NO DEFINIDO,0.06
,"2025-06-04 07:58:21.288598","2025-06-04 07:58:21.288615",1,2,2,378,ROSA VERIFICAR,HOT MAJOLIKA,"",NO DEFINIDO,0.06
,"2025-06-04 07:58:21.361125","2025-06-04 07:58:21.361151",1,2,2,379,ROSA VERIFICAR,LAVANDER IRISHKA,"",NO DEFINIDO,0.06
,"2025-06-04 07:58:21.418728","2025-06-04 07:58:21.418752",1,2,2,380,ROSA VERIFICAR,LOVELY LIDIA,"",NO DEFINIDO,0.06
,"2025-06-04 07:58:21.494837","2025-06-04 07:58:21.494852",1,2,2,381,ROSA VERIFICAR,MILKY WAY,"",NO DEFINIDO,0.06
,"2025-06-04 07:58:21.521645","2025-06-04 07:58:21.521662",1,2,2,382,ROSA VERIFICAR,ORANGE BABE,"",NO DEFINIDO,0.06
,"2025-06-04 07:58:21.607936","2025-06-04 07:58:21.607951",1,2,2,383,ROSA VERIFICAR,PEACH IRISHKA,"",NO DEFINIDO,0.06
,"2025-06-04 07:58:21.663291","2025-06-04 07:58:21.663319",1,2,2,384,ROSA VERIFICAR,PINK IRISHKA,"",NO DEFINIDO,0.06
,"2025-06-04 07:58:21.737630","2025-06-04 07:58:21.737646",1,2,2,385,ROSA VERIFICAR,PORTRAIT,"",NO DEFINIDO,0.06
,"2025-06-04 07:58:21.775122","2025-06-04 07:58:21.775143",1,2,2,386,ROSA VERIFICAR,HOT PINK IRISHKA,"",NO DEFINIDO,0.06
,"2025-06-04 07:58:21.844499","2025-06-04 07:58:21.844527",1,2,2,387,ROSA VERIFICAR,RED CITY,"",NO DEFINIDO,0.06
,"2025-06-04 07:58:21.947161","2025-06-04 07:58:21.947177",1,2,2,388,ROSA VERIFICAR,RUBICOM,"",NO DEFINIDO,0.06
,"2025-06-04 07:58:22.064457","2025-06-04 07:58:22.064478",1,2,2,389,ROSA VERIFICAR,SWEET DREAMS,"",NO DEFINIDO,0.06
,"2025-06-04 07:58:22.167959","2025-06-04 07:58:22.167974",1,2,2,390,ROSA VERIFICAR,SILVER MIKADO,"",NO DEFINIDO,0.06
,"2025-06-04 08:10:10.038502","2025-06-04 08:10:10.038534",1,2,2,391,ROSA VERIFICAR,MONIDA,"",NO DEFINIDO,0.06
,"2025-06-05 08:19:21.340764","2025-06-05 08:19:21.340780",1,2,2,392,ROSA VERIFICAR,SUNCYTI,"",NO DEFINIDO,0.06
,"2025-06-05 08:57:49.774640","2025-06-05 08:57:49.774663",1,2,2,393,ROSA VERIFICAR,AMARANTO UPRIGHT BRONCE VERDE,"",NO DEFINIDO,0.06
,"2025-06-05 08:57:49.832608","2025-06-05 08:57:49.832629",1,2,2,394,ROSA VERIFICAR,AMARANTO UPRIGHT GREEN THUMB,"",NO DEFINIDO,0.06
,"2025-06-16 06:51:36.678112","2025-06-16 06:51:36.678141",1,2,2,395,ROSA,APPLE JACK,"",NO DEFINIDO,0.06
,"2025-06-17 09:54:13.862895","2025-06-17 09:54:13.862915",1,2,2,396,ROSA,GEM STAR,"",NO DEFINIDO,0.06
,"2025-06-25 09:42:37.637418","2025-06-25 09:42:37.637435",1,2,2,397,ROSA,MAGIC TIES,"",NO DEFINIDO,0.06
,"2025-06-25 09:54:16.604859","2025-06-25 09:54:16.604887",1,2,2,398,ROSA,BEESWET,"",NO DEFINIDO,0.06
,"2025-06-25 09:54:16.650076","2025-06-25 09:54:16.650108",1,2,2,399,ROSA,COOLWATER,"",NO DEFINIDO,0.06
,"2025-06-26 22:50:00.645281","2025-06-26 22:50:00.645302",1,2,2,400,ROSA,BRILLANT STAR LIGTH YELLOW,"",NO DEFINIDO,0.06
,"2025-06-26 22:50:01.050423","2025-06-26 22:50:01.050491",1,2,2,401,ROSA,JANINE,"",NO DEFINIDO,0.06
,"2025-06-26 22:50:01.235285","2025-06-26 22:50:01.235306",1,2,2,402,ROSA,NEWMOON,"",NO DEFINIDO,0.06
,"2025-06-26 22:50:01.770358","2025-06-26 22:50:01.770395",1,2,2,403,ROSA,SNOW FLAKE,"",NO DEFINIDO,0.06
,"2025-06-26 22:50:02.117383","2025-06-26 22:50:02.117409",1,2,2,404,ROSA,VIVIANE,"",NO DEFINIDO,0.06
,"2025-06-26 22:50:02.226842","2025-06-26 22:50:02.226870",1,2,2,405,ROSA,YANTRA,"",NO DEFINIDO,0.06
